<?xml version="1.0" encoding="UTF-8"?>
<site>
   <feature url="features/lpg.runtime_2.0.5.jar" id="lpg.runtime" version="2.0.5">
      <category name="lpg"/>
   </feature>
   <feature url="features/lpg.runtime_2.0.7.jar" id="lpg.runtime" version="2.0.7">
      <category name="lpg"/>
   </feature>
   <feature url="features/lpg.runtime_2.0.8.jar" id="lpg.runtime" version="2.0.8">
      <category name="lpg"/>
   </feature>
   <category-def name="lpg" label="LPG Parser Generator"/>
</site>
